sentiment,text,user
"neutral","ÂàùÂøÉËÄÖ„ÅÆ„Åü„ÇÅ„ÅÆÂÖ•ÈñÄÊõ∏„ÄêÂ§âÊÖãÊÄßÊÑõÊäÄÊ≥ïÔΩûÂàù„ÇÅ„Å¶„ÅÆSM„Å®SEXÔΩû„Äëhttps://t.co/SLngrHlAZF","notejyu42"
"positive","RT @NASAGoddard: The stacked ‚Äúbubbles‚Äù of the Honeycomb Nebula may be due to a lucky viewing angle. via @NASAHubble \n\nhttps://t.co/0rx7G47E‚Ä¶","noobationarmy"
"positive","RT @NASAHubble: #HubbleFriday The Tarantula Nebula is 1 of the most intense regions of star formation in our galactic neighborhood:\nhttps:/‚Ä¶","PnarTur14687750"
"neutral","„Éç„ÉÉ„Éà„Ç∑„Éß„ÉÉ„Éó„Åó„Å¶„Åæ„Åô„ÄÇË¶ó„ÅÑ„Å¶„Åø„Å¶„Å≠„ÄÇhttps://t.co/0yrykNB94a„ÄÄhttps://t.co/AZsIMWIY4L„ÄÄhttps://t.co/llkBgZWZgk„ÄÄhttps://t.co/F6KrweGOkh","lunaticsr_kn_bn"
"neutral","C√≥mo le hagan algo a mi tarantula le juro que uso el soplete!","suver3"
"positive","@sadglamour HAPPY BIRTHDAY!!! ‚ù§Ô∏è‚ù§Ô∏è‚ù§Ô∏èüíã adoring your tarantula in your hair üòç","Dom1985"
"positive","@ShugoWah Ironic that the tarantula episode was originally the only one available for free","Woowoo678"
"neutral","RT @EducationalPicc: Hubble's Bubbles in the Tarantula Nebula https://t.co/WjWNTO8BDJ","bigmanolo"
"neutral","RT @Monique_PR_: @azharsultan69 @ilovezacom @deoudehuize @WeekendMag @CPTtwins @FoulkesBrau @shaqct @NSPCA_SA @gotravelbug @awethentiq @Anj‚Ä¶","awethentiq"
"positive","RT @NASAGoddardPix: 160,000 light-years away Hubble spied the Tarantula Nebula revealing spidery filaments of gas that inspired its name ht‚Ä¶","HardRockFav"
"positive","RT @nxthompson: Amazing: if a tarantula wasp stings you, the medical advice is just to lie down and scream. https://t.co/JfSSQzMaZ2","LeesaDeAndrea"
"positive","RT @nxthompson: Amazing: if a tarantula wasp stings you, the medical advice is just to lie down and scream. https://t.co/JfSSQzMaZ2","RobBettles"
"neutral","RT @AmberSimonson: Me: if you paid me a kazillion dollars then maybe I'd hold a tarantula \nKailha: I'd rather die.\n\nüòÇüòÇüòÇ","kailhaaa"
"positive","RT @nxthompson: Amazing: if a tarantula wasp stings you, the medical advice is just to lie down and scream. https://t.co/JfSSQzMaZ2","EatonHSMath"
"positive","I liked a @YouTube video https://t.co/Wekr00c7en REAL TARANTULA PRANK GONE WRONG! (LITTLE BROTHER IS TERRIFIED!)","AxeOfReality224"
"neutral","@azharsultan69 @ilovezacom @deoudehuize @WeekendMag @CPTtwins @FoulkesBrau @shaqct @NSPCA_SA @gotravelbug‚Ä¶ https://t.co/2rtdxKZ68b","Monique_PR_"
"neutral","RT @JShawsTidbits: Oh, I forgot to mention that while traveling back to California, a Tarantula got into the van.  ü§£ https://t.co/Rhl2uSGqa2","Print3DChannel"
"neutral","RT @NatureisScary: Goliath tarantula https://t.co/5uCRDSLS2R","miyuien"
"neutral","Me: if you paid me a kazillion dollars then maybe I'd hold a tarantula \nKailha: I'd rather die.\n\nüòÇüòÇüòÇ","AmberSimonson"
"positive","@MitchBurrow Like that tarantula hawk wasp? Hit high notes easy","Serjbart69"
"positive","RT @nxthompson: Amazing: if a tarantula wasp stings you, the medical advice is just to lie down and scream. https://t.co/JfSSQzMaZ2","playongo"
"neutral","The tarantula nebula. \n\nSpace looks so crowded.  \n\nYet we're so alone. https://t.co/OPXnCueH3t","iamkeeferz"
"neutral","Just call me Coco Tarantula-Tits.","FantasyWrinkle"
"positive","RT @NASAHubble: #HubbleFriday The Tarantula Nebula is 1 of the most intense regions of star formation in our galactic neighborhood:\nhttps:/‚Ä¶","OmarHdezMontes"
"neutral","&lt;~&gt;","SF_tarantula"
"neutral","RT @Buenomely27: @grabesila @jing9wabz @zenkmm @fleurs7754 @xinempl @mhellopez19 @chie_chie26 @aizzgiant @fejosede2 @emzsmf @ellina_gen @le‚Ä¶","candykendi222"
"positive","RT @nxthompson: Amazing: if a tarantula wasp stings you, the medical advice is just to lie down and scream. https://t.co/JfSSQzMaZ2","melvinismad"
"positive","RT @NASAHubble: #HubbleFriday The Tarantula Nebula is 1 of the most intense regions of star formation in our galactic neighborhood:\nhttps:/‚Ä¶","CarmenL58983907"
"neutral","RT @Buenomely27: @grabesila @jing9wabz @zenkmm @fleurs7754 @xinempl @mhellopez19 @chie_chie26 @aizzgiant @fejosede2 @emzsmf @ellina_gen @le‚Ä¶","ACastillo1965"
"neutral","@hlc777offical @FloofFarmer come to Australia so I can throw a goddamn tarantula at you","INTERNETFRIEND"
"neutral","RT @Buenomely27: @grabesila @jing9wabz @zenkmm @fleurs7754 @xinempl @mhellopez19 @chie_chie26 @aizzgiant @fejosede2 @emzsmf @ellina_gen @le‚Ä¶","YayadubAlden"
"positive","RT @NASAHubble: #HubbleFriday The Tarantula Nebula is 1 of the most intense regions of star formation in our galactic neighborhood:\nhttps:/‚Ä¶","cheyenne_744"
"neutral","WHATTER'YEW askin?\nIf I don't have the answer, it's probably on the web, like I'm a damn tarantula.","D0MXNXQUE"
"neutral","„Äå„Äé‰∫àÊÉ≥„Äè„ÅØÈÄÜ„Åã„ÇâË™≠„ÇÄ„Å®„ÄéÂòò„Çà„Äè„ÄÇ„É§„Éû„ÅØ„Åã„Åë„Å™„ÅÑ„Åì„Å®„Åß„Åô„Äç","tarantula_bot"
"neutral","RT @kwasbeb: Den h√§r artikeln handlar om en insekt vars sting √§r s√• sm√§rtsam att den vetenskapliga rekommendationen √§r att l√§gga sig ner oc‚Ä¶","Adam_Gbg"
"neutral","RT @Buenomely27: @grabesila @jing9wabz @zenkmm @fleurs7754 @xinempl @mhellopez19 @chie_chie26 @aizzgiant @fejosede2 @emzsmf @ellina_gen @le‚Ä¶","neiltann"
"positive","RT @nxthompson: Amazing: if a tarantula wasp stings you, the medical advice is just to lie down and scream. https://t.co/wRR7ZuAzM7","danieldelattre"
"positive","RT @NASAHubble: #HubbleFriday The Tarantula Nebula is 1 of the most intense regions of star formation in our galactic neighborhood:\nhttps:/‚Ä¶","bodonikita"
"positive","RT @NASAGoddardPix: 160,000 light-years away Hubble spied the Tarantula Nebula revealing spidery filaments of gas that inspired its name ht‚Ä¶","EveAlexandra21"
"positive","RT @NASAHubble: #HubbleFriday The Tarantula Nebula is 1 of the most intense regions of star formation in our galactic neighborhood:\nhttps:/‚Ä¶","finaathehuman"
"neutral","RT @Buenomely27: @grabesila @jing9wabz @zenkmm @fleurs7754 @xinempl @mhellopez19 @chie_chie26 @aizzgiant @fejosede2 @emzsmf @ellina_gen @le‚Ä¶","BorjaGojar"
"neutral","RT @Buenomely27: @grabesila @jing9wabz @zenkmm @fleurs7754 @xinempl @mhellopez19 @chie_chie26 @aizzgiant @fejosede2 @emzsmf @ellina_gen @le‚Ä¶","grabesila"
"positive","RT @nxthompson: Amazing: if a tarantula wasp stings you, the medical advice is just to lie down and scream. https://t.co/JfSSQzMaZ2","reylagartiija"
"positive","RT @NASAHubble: #HubbleFriday The Tarantula Nebula is 1 of the most intense regions of star formation in our galactic neighborhood:\nhttps:/‚Ä¶","AntonicDean"
"positive","RT @NASAHubble: #HubbleFriday The Tarantula Nebula is 1 of the most intense regions of star formation in our galactic neighborhood:\nhttps:/‚Ä¶","Kimberlina93"
"positive","RT @nxthompson: Amazing: if a tarantula wasp stings you, the medical advice is just to lie down and scream. https://t.co/JfSSQzMaZ2","monasso"
"neutral","Oh, I forgot to mention that while traveling back to California, a Tarantula got into the van.  ü§£ https://t.co/Rhl2uSGqa2","JShawsTidbits"
"neutral","maybe a worried tarantula, actually, now that I'm thinking about it.","sloaneeliot"
"positive","RT @substitute: Tarantula Hawks: caught one during high school insect collection. Kill jar didn‚Äôt work. Friend‚Äôs dad gave us carbon tet to‚Ä¶","red_mercer"
"neutral","„Ç≥„Éê„É´„Éà„Éñ„É´„Éº(Haplopelma lividum)\nhttps://t.co/fREjSmWXWH","tarantula_pic"
"positive","RT @nxthompson: Amazing: if a tarantula wasp stings you, the medical advice is just to lie down and scream. https://t.co/JfSSQzMaZ2","eyo86eyo"
"neutral","Tarantula (1955) https://t.co/jGsdys85wm https://t.co/5NouDSNt2w","Scorethefilm"
"positive","RT @NASAHubble: #HubbleFriday The Tarantula Nebula is 1 of the most intense regions of star formation in our galactic neighborhood:\nhttps:/‚Ä¶","JacquiAMiller"
"negative","Tarantula Hawks: caught one during high school insect collection. Kill jar didn‚Äôt work. Friend‚Äôs dad gave us carbon tet to kill it. Scary.","substitute"
"positive","I liked a @YouTube video https://t.co/IcMWSr7A4Q TARANTULA WOULD NOT GET OFF MY GIRLFRIEND!!","tamaraWilsonn"
"positive","RT @nxthompson: Amazing: if a tarantula wasp stings you, the medical advice is just to lie down and scream. https://t.co/JfSSQzMaZ2","Animal_Wonders"
"neutral","RT @Buenomely27: @grabesila @jing9wabz @zenkmm @fleurs7754 @xinempl @mhellopez19 @chie_chie26 @aizzgiant @fejosede2 @emzsmf @ellina_gen @le‚Ä¶","cdm040935"
"positive","RT @NASAGoddardPix: 160,000 light-years away Hubble spied the Tarantula Nebula revealing spidery filaments of gas that inspired its name ht‚Ä¶","OutlawUrbanist"
"positive","RT @NASAGoddard: The stacked ‚Äúbubbles‚Äù of the Honeycomb Nebula may be due to a lucky viewing angle. via @NASAHubble \n\nhttps://t.co/0rx7G47E‚Ä¶","Mermaidercuh"
"positive","RT @nxthompson: Amazing: if a tarantula wasp stings you, the medical advice is just to lie down and scream. https://t.co/JfSSQzMaZ2","tabwriting"
"neutral","Ôºü„É©„Éº„É°„É≥Â±ã„ÅßËÅû„ÅÑ„Åü‰∫ã„ÅÇ„ÇãÊõ≤ÊµÅ„Çå„Å¶„Çã„Å™„Å®ÊÄù„Å£„Åü„ÇâÂΩºÂ•≥„Åü„Å°„ÅÆÊµÅÂÑÄÔºüÊµÅ„Çå„Å¶„Å¶Á¨ë„Å£„Åü","Roy_tarantula"
"neutral","RT @TheCloutIsReal: @BrbSway Why tf do u wanna watch a tarantula movie","Sporraw"
"positive","RT @nxthompson: Amazing: if a tarantula wasp stings you, the medical advice is just to lie down and scream. https://t.co/JfSSQzMaZ2","normaldeviate"
"positive","RT @nxthompson: Amazing: if a tarantula wasp stings you, the medical advice is just to lie down and scream. https://t.co/JfSSQzMaZ2","yogthos"
"neutral","@nxthompson Yeah, so my brother-in-law encounters them in the yard like \"NBD, gotta protect the local tarantula.\"","TaxonomousD"
"positive","RT @nxthompson: Amazing: if a tarantula wasp stings you, the medical advice is just to lie down and scream. https://t.co/JfSSQzMaZ2","msnfnp2018"
"positive","RT @NASAGoddardPix: 160,000 light-years away Hubble spied the Tarantula Nebula revealing spidery filaments of gas that inspired its name ht‚Ä¶","SridharAnne"
"neutral","@saidanana Come on ah. Lipas pun i genggam. Sakai gile bela tarantula lipan.","idinosman"
"positive","RT @NASAGoddardPix: 160,000 light-years away Hubble spied the Tarantula Nebula revealing spidery filaments of gas that inspired its name ht‚Ä¶","PilotsMap"
"positive","RT @nxthompson: Amazing: if a tarantula wasp stings you, the medical advice is just to lie down and scream. https://t.co/JfSSQzMaZ2","emmesbe"
"positive","RT @NASAGoddardPix: 160,000 light-years away Hubble spied the Tarantula Nebula revealing spidery filaments of gas that inspired its name ht‚Ä¶","KasOosterhuis"
"neutral","sarap hagisan ni raphael ng tarantula üòÇ","winonamalik"
"neutral","@caperthebard thank you for giving me a reason to watch that scene again. I was on tenterhooks waiting for the tara‚Ä¶ https://t.co/MxKMb3l13Z","thefleetislate"
"positive","RT @NASAHubble: #HubbleFriday The Tarantula Nebula is 1 of the most intense regions of star formation in our galactic neighborhood:\nhttps:/‚Ä¶","DanteSi99"
"neutral","RT @TheCloutIsReal: @BrbSway Why tf do u wanna watch a tarantula movie","BrbSway"
"neutral","@BrbSway Why tf do u wanna watch a tarantula movie","TheCloutIsReal"
"neutral","RT @EducationalPicc: Hubble's Bubbles in the Tarantula Nebula https://t.co/WjWNTO8BDJ","kyilwin_kk"
"positive","RT @nxthompson: Amazing: if a tarantula wasp stings you, the medical advice is just to lie down and scream. https://t.co/JfSSQzMaZ2","BryanSchatz"
"neutral","ÂΩì„Åü„ÇäÂâç„ÅåÂΩì„Åü„ÇäÂâç„Åò„ÇÉ„Å™„ÅÑ„Å£„Å¶ Â§±„Å£„Å¶Âàù„ÇÅ„Å¶Ê∞ó„Å•„ÅÑ„Åü   „ÄêÊ∞∏ÈÅ†feat. Tarantula from „Çπ„Éù„É≥„ÉÜ„Éã„Ç¢„Äë","chihiro___kashi"
"neutral","RT @caperthebard: My sexuality is that pose Jeffrey Jones makes during the Banana Boat song on the word \"tarantula\"","thefleetislate"
"positive","RT @NASAGoddardPix: 160,000 light-years away Hubble spied the Tarantula Nebula revealing spidery filaments of gas that inspired its name ht‚Ä¶","Kakostronomie"
"neutral","i want a pet tarantula or beetle in the same folder","kav_ebooks"
"neutral","„ÄåÁöÜ„Åï„Çì„ÅÆ‰∏≠„Å´„ÅØÈ≠ö„ÇíÈ£º„Å£„Å¶„Çâ„Å£„Åó„ÇÉ„ÇãÊñπ„ÇÇ„ÅÑ„Çâ„Å£„Åó„ÇÉ„Çã„Å®ÊÄù„ÅÑ„Åæ„Åô„ÄÇÈ£º„Å£„Å¶„Çâ„Å£„Åó„ÇÉ„Çâ„Å™„ÅÑÊñπ„ÅØ‰ªäÊó•Ë≤∑„Å£„Å¶Â∏∞„Çå„Å∞„ÅÑ„ÅÑ„Å®ÊÄù„ÅÑ„Åæ„Åô„ÄÇ„ÅàÔºüÊ∞¥ÊßΩ„Åå„Å™„ÅÑÔºüÈ¢®ÂëÇ„ÅßÈ£º„Åà„Å∞„ÅÑ„ÅÑ„Çì„Åß„Åô„Äç","tarantula_bot"
"positive","RT @nxthompson: Amazing: if a tarantula wasp stings you, the medical advice is just to lie down and scream. https://t.co/JfSSQzMaZ2","IkeOnTweets"
"positive","RT @nxthompson: Amazing: if a tarantula wasp stings you, the medical advice is just to lie down and scream. https://t.co/JfSSQzMaZ2","JannaBashar"
"positive","RT @NASAHubble: #HubbleFriday The Tarantula Nebula is 1 of the most intense regions of star formation in our galactic neighborhood:\nhttps:/‚Ä¶","mangesh12phadke"
"positive","RT @nxthompson: Amazing: if a tarantula wasp stings you, the medical advice is just to lie down and scream. https://t.co/JfSSQzMaZ2","jeshizaemon"
"positive","RT @nxthompson: Amazing: if a tarantula wasp stings you, the medical advice is just to lie down and scream. https://t.co/JfSSQzMaZ2","UGEplex"
"neutral","Tell em' Apple Tarantula-Left Atrium sent ya.","FantasyWrinkle"
"neutral","YO https://t.co/Y5gVnlE6EC","Tarantula_Laris"
"neutral","RT @EducationalPicc: Hubble's Bubbles in the Tarantula Nebula https://t.co/WjWNTO8BDJ","essaasharif"
"positive","RT @nxthompson: Amazing: if a tarantula wasp stings you, the medical advice is just to lie down and scream. https://t.co/JfSSQzMaZ2","cj_dugas"
"negative","Many residents have called in to report that illiteracy, unwanted pregnancy, and violent crime are on the rise in the tarantula communities.","nightvalebots"
"positive","RT @nxthompson: Amazing: if a tarantula wasp stings you, the medical advice is just to lie down and scream. https://t.co/JfSSQzMaZ2","Iron_Fox"
"neutral","https://t.co/4u86OAte2E","Tarantula_Laris"
"positive","RT @nxthompson: Amazing: if a tarantula wasp stings you, the medical advice is just to lie down and scream. https://t.co/JfSSQzMaZ2","Alphastream"
"neutral","No solo apareci√≥ una tar√°ntula gigante en mi pieza sino que tambi√©n DESAPARECI√ì que es mucho peor","isisszabo"
"neutral","C√ìMO CO√ëOS TERMIN√ì UNA TAR√ÅNTULA EN EL CUARTO???? SE NOS QUIT√ì EL SUE√ëO DE UNA Y TENGO MIEDO LPM","Chimbamila"
"positive","RT @nxthompson: Amazing: if a tarantula wasp stings you, the medical advice is just to lie down and scream. https://t.co/JfSSQzMaZ2","CoastingAlong"
"positive","@Tek40_bird Nah the picture does the size no justice. That thing was huge. It was as big as a tarantula. If they ge‚Ä¶ https://t.co/vqScDon4IZ","AnaSofaKingCoo"